,list_img
0,/home/dnq/data/FAR/glass_mask_classify/eval_ds_fr_aligned/eval_ds/normal_FP_from_mask_FP/1658206907574480000_40046_0_1658206908.688844.jpg
1,/home/dnq/data/FAR/glass_mask_classify/eval_ds_fr_aligned/eval_ds/normal_FP_from_mask_FP/1658195052842923000_59758_0_1658195053.8823316.jpg
2,/home/dnq/data/FAR/glass_mask_classify/eval_ds_fr_aligned/eval_ds/normal_FP_from_mask_FP/1658114655596654000_46345_0_1658114656.5134528.jpg
3,/home/dnq/data/FAR/glass_mask_classify/eval_ds_fr_aligned/eval_ds/normal_FP_from_mask_FP/1657882639699739000_34773_1_1657882640.5939415.jpg
4,/home/dnq/data/FAR/glass_mask_classify/eval_ds_fr_aligned/eval_ds/normal_FP_from_mask_FP/1658201498352493000_92139_0_1658201499.359923.jpg
5,/home/dnq/data/FAR/glass_mask_classify/eval_ds_fr_aligned/eval_ds/normal_FP_from_mask_FP/1657879996856417000_40411_0_1657879997.4653528.jpg
6,/home/dnq/data/FAR/glass_mask_classify/eval_ds_fr_aligned/eval_ds/normal_FP_from_mask_FP/1658106659745524000_76976_0_1658106660.68339.jpg
7,/home/dnq/data/FAR/glass_mask_classify/eval_ds_fr_aligned/eval_ds/normal_FP_from_mask_FP/1658200936513938000_48451_0_1658200937.6272578.jpg
8,/home/dnq/data/FAR/glass_mask_classify/eval_ds_fr_aligned/eval_ds/normal_FP_from_mask_FP/1658207055206658000_53035_0_1658207056.3726525.jpg
9,/home/dnq/data/FAR/glass_mask_classify/eval_ds_fr_aligned/eval_ds/normal_FP_from_mask_FP/1658201469726286000_38944_0_1658201470.770902.jpg
10,/home/dnq/data/FAR/glass_mask_classify/eval_ds_fr_aligned/eval_ds/normal_FP_from_mask_FP/1658206992033465000_27679_0_1658206993.1172135.jpg
11,/home/dnq/data/FAR/glass_mask_classify/eval_ds_fr_aligned/eval_ds/normal_FP_from_mask_FP/1658201069182374000_89998_0_1658201071.0850835.jpg
12,/home/dnq/data/FAR/glass_mask_classify/eval_ds_fr_aligned/eval_ds/normal_FP_from_mask_FP/1658202621875712000_21599_0_1658202625.4353766.jpg
13,/home/dnq/data/FAR/glass_mask_classify/eval_ds_fr_aligned/eval_ds/normal_FP_from_mask_FP/1658201470273030000_62149_0_1658201471.2819254.jpg
14,/home/dnq/data/FAR/glass_mask_classify/eval_ds_fr_aligned/eval_ds/normal_FP_from_mask_FP/1657878387230587000_51049_0_1657878384.7524993.jpg
15,/home/dnq/data/FAR/glass_mask_classify/eval_ds_fr_aligned/eval_ds/normal_FP_from_mask_FP/1658205086324405000_2629_0_1658205087.4524546.jpg
16,/home/dnq/data/FAR/glass_mask_classify/eval_ds_fr_aligned/eval_ds/normal_FP_from_mask_FP/1658205068494623000_99720_0_1658205070.8497403.jpg
17,/home/dnq/data/FAR/glass_mask_classify/eval_ds_fr_aligned/eval_ds/normal_FP_from_mask_FP/1658206989357161000_67542_2_1658206990.6879225.jpg
18,/home/dnq/data/FAR/glass_mask_classify/eval_ds_fr_aligned/eval_ds/normal_FP_from_mask_FP/1658118514490473000_65568_0_1658118516.497872.jpg
19,/home/dnq/data/FAR/glass_mask_classify/eval_ds_fr_aligned/eval_ds/normal_FP_from_mask_FP/1658203942870391000_54425_1_1658203943.9194372.jpg
20,/home/dnq/data/FAR/glass_mask_classify/eval_ds_fr_aligned/eval_ds/normal_FP_from_mask_FP/1657883023703442000_51620_1_1657883024.2993562.jpg
21,/home/dnq/data/FAR/glass_mask_classify/eval_ds_fr_aligned/eval_ds/normal_FP_from_mask_FP/1657885238721941000_60577_1_1657885251.672503.jpg
22,/home/dnq/data/FAR/glass_mask_classify/eval_ds_fr_aligned/eval_ds/normal_FP_from_mask_FP/1658206992257172000_11727_0_1658206993.3395064.jpg
23,/home/dnq/data/FAR/glass_mask_classify/eval_ds_fr_aligned/eval_ds/normal_FP_from_mask_FP/1658206991585357000_778_0_1658206992.6491938.jpg
24,/home/dnq/data/FAR/glass_mask_classify/eval_ds_fr_aligned/eval_ds/normal_FP_from_mask_FP/1658205066644061000_34867_0_1658205067.798813.jpg
25,/home/dnq/data/FAR/glass_mask_classify/eval_ds_fr_aligned/eval_ds/normal_FP_from_mask_FP/1658207000924619000_65220_0_1658207001.9876266.jpg
26,/home/dnq/data/FAR/glass_mask_classify/eval_ds_fr_aligned/eval_ds/normal_FP_from_mask_FP/1658204999104157000_14731_0_1658205000.1793087.jpg
27,/home/dnq/data/FAR/glass_mask_classify/eval_ds_fr_aligned/eval_ds/normal_FP_from_mask_FP/1658195048027911000_7912_0_1658195049.0596666.jpg
28,/home/dnq/data/FAR/glass_mask_classify/eval_ds_fr_aligned/eval_ds/normal_FP_from_mask_FP/1658205000408847000_84933_0_1658205001.517921.jpg
29,/home/dnq/data/FAR/glass_mask_classify/eval_ds_fr_aligned/eval_ds/normal_FP_from_mask_FP/1658115462905322000_71996_0_1658115463.882818.jpg
30,/home/dnq/data/FAR/glass_mask_classify/eval_ds_fr_aligned/eval_ds/normal_FP_from_mask_FP/1658205066482857000_71165_0_1658205067.643998.jpg
31,/home/dnq/data/FAR/glass_mask_classify/eval_ds_fr_aligned/eval_ds/normal_FP_from_mask_FP/1658204998878888000_96421_0_1658204999.929499.jpg
32,/home/dnq/data/FAR/glass_mask_classify/eval_ds_fr_aligned/eval_ds/normal_FP_from_mask_FP/1658201205790870000_18336_0_1658201206.8584259.jpg
33,/home/dnq/data/FAR/glass_mask_classify/eval_ds_fr_aligned/eval_ds/normal_FP_from_mask_FP/1658194727373525000_18910_0_1658194728.6311536.jpg
34,/home/dnq/data/FAR/glass_mask_classify/eval_ds_fr_aligned/eval_ds/normal_FP_from_mask_FP/1657879994751486000_22612_0_1657879995.5491638.jpg
35,/home/dnq/data/FAR/glass_mask_classify/eval_ds_fr_aligned/eval_ds/normal_FP_from_mask_FP/1658204362315862000_82989_1_1658204363.377801.jpg
36,/home/dnq/data/FAR/glass_mask_classify/eval_ds_fr_aligned/eval_ds/normal_FP_from_mask_FP/1658201205980015000_26733_0_1658201207.0497782.jpg
37,/home/dnq/data/FAR/glass_mask_classify/eval_ds_fr_aligned/eval_ds/normal_FP_from_mask_FP/1658204361840488000_86250_0_1658204362.8811996.jpg
38,/home/dnq/data/FAR/glass_mask_classify/eval_ds_fr_aligned/eval_ds/normal_FP_from_mask_FP/1657880331032314000_27469_1_1657880327.8298314.jpg
39,/home/dnq/data/FAR/glass_mask_classify/eval_ds_fr_aligned/eval_ds/normal_FP_from_mask_FP/1657882662409282000_26123_0_1657882663.7272213.jpg
40,/home/dnq/data/FAR/glass_mask_classify/eval_ds_fr_aligned/eval_ds/normal_FP_from_mask_FP/1658206906284493000_68611_0_1658206907.364849.jpg
41,/home/dnq/data/FAR/glass_mask_classify/eval_ds_fr_aligned/eval_ds/normal_FP_from_mask_FP/1657883470689591000_71378_0_1657883471.2503328.jpg
42,/home/dnq/data/FAR/glass_mask_classify/eval_ds_fr_aligned/eval_ds/normal_FP_from_mask_FP/1657883022916219000_31849_1_1657883023.9112678.jpg
43,/home/dnq/data/FAR/glass_mask_classify/eval_ds_fr_aligned/eval_ds/normal_FP_from_mask_FP/1658193488360548000_35499_0_1658193489.4835076.jpg
44,/home/dnq/data/FAR/glass_mask_classify/eval_ds_fr_aligned/eval_ds/normal_FP_from_mask_FP/1658115462684950000_45632_0_1658115463.6961749.jpg
45,/home/dnq/data/FAR/glass_mask_classify/eval_ds_fr_aligned/eval_ds/normal_FP_from_mask_FP/1658194820620789000_3694_0_1658194823.6169894.jpg
46,/home/dnq/data/FAR/glass_mask_classify/eval_ds_fr_aligned/eval_ds/normal_FP_from_mask_FP/1658117788851409000_62201_0_1658117789.7628117.jpg
47,/home/dnq/data/FAR/glass_mask_classify/eval_ds_fr_aligned/eval_ds/normal_FP_from_mask_FP/1658203942870355000_69404_0_1658203943.8591547.jpg
48,/home/dnq/data/FAR/glass_mask_classify/eval_ds_fr_aligned/eval_ds/normal_FP_from_mask_FP/1658115462493280000_33595_0_1658115463.6726415.jpg
49,/home/dnq/data/FAR/glass_mask_classify/eval_ds_fr_aligned/eval_ds/normal_FP_from_mask_FP/1657881976584891000_36277_0_1657881977.1585453.jpg
50,/home/dnq/data/FAR/glass_mask_classify/eval_ds_fr_aligned/eval_ds/normal_FP_from_mask_FP/1658204290987516000_47000_0_1658204292.08188.jpg
51,/home/dnq/data/FAR/glass_mask_classify/eval_ds_fr_aligned/eval_ds/normal_FP_from_mask_FP/1658202622115076000_14557_0_1658202625.5842612.jpg
52,/home/dnq/data/FAR/glass_mask_classify/eval_ds_fr_aligned/eval_ds/normal_FP_from_mask_FP/1658206991300257000_57719_0_1658206992.3644502.jpg
53,/home/dnq/data/FAR/glass_mask_classify/eval_ds_fr_aligned/eval_ds/normal_FP_from_mask_FP/1658193490206621000_50872_0_1658193491.222992.jpg
54,/home/dnq/data/FAR/glass_mask_classify/eval_ds_fr_aligned/eval_ds/normal_FP_from_mask_FP/1658117225631664000_40343_0_1658117226.5050306.jpg
55,/home/dnq/data/FAR/glass_mask_classify/eval_ds_fr_aligned/eval_ds/normal_FP_from_mask_FP/1657879263672900000_66923_0_1657879260.6782672.jpg
56,/home/dnq/data/FAR/glass_mask_classify/eval_ds_fr_aligned/eval_ds/normal_FP_from_mask_FP/1658206985464705000_23157_0_1658206986.543826.jpg
57,/home/dnq/data/FAR/glass_mask_classify/eval_ds_fr_aligned/eval_ds/normal_FP_from_mask_FP/1658203937364448000_87643_1_1658203938.38161.jpg
58,/home/dnq/data/FAR/glass_mask_classify/eval_ds_fr_aligned/eval_ds/normal_FP_from_mask_FP/1658118548966709000_84191_0_1658118549.8597598.jpg
59,/home/dnq/data/FAR/glass_mask_classify/eval_ds_fr_aligned/eval_ds/normal_FP_from_mask_FP/1657879263480790000_60970_0_1657879260.3248107.jpg
60,/home/dnq/data/FAR/glass_mask_classify/eval_ds_fr_aligned/eval_ds/normal_FP_from_mask_FP/1658142529967563000_72684_0_1658142527.7920265.jpg
61,/home/dnq/data/FAR/glass_mask_classify/eval_ds_fr_aligned/eval_ds/normal_FP_from_mask_FP/1658112930447149000_55250_1_1658112929.7205875.jpg
62,/home/dnq/data/FAR/glass_mask_classify/eval_ds_fr_aligned/eval_ds/normal_FP_from_mask_FP/1658201498352536000_21070_1_1658201499.3898551.jpg
63,/home/dnq/data/FAR/glass_mask_classify/eval_ds_fr_aligned/eval_ds/normal_FP_from_mask_FP/1657883474562227000_43982_0_1657883475.528556.jpg
64,/home/dnq/data/FAR/glass_mask_classify/eval_ds_fr_aligned/eval_ds/normal_FP_from_mask_FP/1658201468268643000_40773_0_1658201469.6320865.jpg
65,/home/dnq/data/FAR/glass_mask_classify/eval_ds_fr_aligned/eval_ds/normal_FP_from_mask_FP/1658203936217264000_89513_0_1658203937.244496.jpg
66,/home/dnq/data/FAR/glass_mask_classify/eval_ds_fr_aligned/eval_ds/normal_FP_from_mask_FP/1658203881545817000_47807_0_1658203882.715613.jpg
67,/home/dnq/data/FAR/glass_mask_classify/eval_ds_fr_aligned/eval_ds/normal_FP_from_mask_FP/1658197815226227000_66858_0_1658197811.4901922.jpg
68,/home/dnq/data/FAR/glass_mask_classify/eval_ds_fr_aligned/eval_ds/normal_FP_from_mask_FP/1658207054594050000_58534_0_1658207055.811279.jpg
69,/home/dnq/data/FAR/glass_mask_classify/eval_ds_fr_aligned/eval_ds/normal_FP_from_mask_FP/1658112931116527000_61800_0_1658112930.3819113.jpg
70,/home/dnq/data/FAR/glass_mask_classify/eval_ds_fr_aligned/eval_ds/normal_FP_from_mask_FP/1658206998828344000_27911_1_1658206999.912442.jpg
71,/home/dnq/data/FAR/glass_mask_classify/eval_ds_fr_aligned/eval_ds/normal_FP_from_mask_FP/1658201528164841000_16200_0_1658201529.181851.jpg
72,/home/dnq/data/FAR/glass_mask_classify/eval_ds_fr_aligned/eval_ds/normal_FP_from_mask_FP/1658205082919315000_19344_0_1658205083.9989107.jpg
73,/home/dnq/data/FAR/glass_mask_classify/eval_ds_fr_aligned/eval_ds/normal_FP_from_mask_FP/1658117530078509000_76166_0_1658117531.078335.jpg
74,/home/dnq/data/FAR/glass_mask_classify/eval_ds_fr_aligned/eval_ds/normal_FP_from_mask_FP/1658106661147454000_70104_0_1658106662.161787.jpg
75,/home/dnq/data/FAR/glass_mask_classify/eval_ds_fr_aligned/eval_ds/normal_FP_from_mask_FP/1658118549404656000_13262_0_1658118551.2398603.jpg
76,/home/dnq/data/FAR/glass_mask_classify/eval_ds_fr_aligned/eval_ds/normal_FP_from_mask_FP/1658204288498448000_24361_0_1658204289.5282876.jpg
77,/home/dnq/data/FAR/glass_mask_classify/eval_ds_fr_aligned/eval_ds/normal_FP_from_mask_FP/1657881975887514000_4281_0_1657881976.4140031.jpg
78,/home/dnq/data/FAR/glass_mask_classify/eval_ds_fr_aligned/eval_ds/normal_FP_from_mask_FP/1658118550391612000_76827_0_1658118551.312631.jpg
79,/home/dnq/data/FAR/glass_mask_classify/eval_ds_fr_aligned/eval_ds/normal_FP_from_mask_FP/1658206991749544000_23520_0_1658206992.8333063.jpg
80,/home/dnq/data/FAR/glass_mask_classify/eval_ds_fr_aligned/eval_ds/normal_FP_from_mask_FP/1657879263014657000_88186_0_1657879259.878422.jpg
81,/home/dnq/data/FAR/glass_mask_classify/eval_ds_fr_aligned/eval_ds/normal_FP_from_mask_FP/1658205069452900000_57906_0_1658205070.9867954.jpg
82,/home/dnq/data/FAR/glass_mask_classify/eval_ds_fr_aligned/eval_ds/normal_FP_from_mask_FP/1658206999394995000_86668_1_1658207000.488621.jpg
83,/home/dnq/data/FAR/glass_mask_classify/eval_ds_fr_aligned/eval_ds/normal_FP_from_mask_FP/1657883463304648000_55920_0_1657883464.2702544.jpg
84,/home/dnq/data/FAR/glass_mask_classify/eval_ds_fr_aligned/eval_ds/normal_FP_from_mask_FP/1657878393307396000_12033_0_1657878390.3745291.jpg
85,/home/dnq/data/FAR/glass_mask_classify/eval_ds_fr_aligned/eval_ds/normal_FP_from_mask_FP/1658197815637038000_92949_0_1658197811.7507458.jpg
86,/home/dnq/data/FAR/glass_mask_classify/eval_ds_fr_aligned/eval_ds/normal_FP_from_mask_FP/1658117226155171000_67905_0_1658117227.1771076.jpg
87,/home/dnq/data/FAR/glass_mask_classify/eval_ds_fr_aligned/eval_ds/normal_FP_from_mask_FP/1658116143736928000_70695_0_1658116144.579308.jpg
88,/home/dnq/data/FAR/glass_mask_classify/eval_ds_fr_aligned/eval_ds/normal_FP_from_mask_FP/1657881976871379000_56025_0_1657881977.4200718.jpg
89,/home/dnq/data/FAR/glass_mask_classify/eval_ds_fr_aligned/eval_ds/normal_FP_from_mask_FP/1658206908944341000_80718_0_1658206910.0191965.jpg
90,/home/dnq/data/FAR/glass_mask_classify/eval_ds_fr_aligned/eval_ds/normal_FP_from_mask_FP/1657883014927376000_72752_0_1657883015.4723158.jpg
91,/home/dnq/data/FAR/glass_mask_classify/eval_ds_fr_aligned/eval_ds/normal_FP_from_mask_FP/1657883482286498000_17518_0_1657883482.8123808.jpg
92,/home/dnq/data/FAR/glass_mask_classify/eval_ds_fr_aligned/eval_ds/normal_FP_from_mask_FP/1657879998883817000_96205_0_1657879999.5724437.jpg
93,/home/dnq/data/FAR/glass_mask_classify/eval_ds_fr_aligned/eval_ds/normal_FP_from_mask_FP/1658207147628864000_75875_0_1658207149.358852.jpg
94,/home/dnq/data/FAR/glass_mask_classify/eval_ds_fr_aligned/eval_ds/normal_FP_from_mask_FP/1658115338402173000_8298_0_1658115339.267673.jpg
95,/home/dnq/data/FAR/glass_mask_classify/eval_ds_fr_aligned/eval_ds/normal_FP_from_mask_FP/1658206913317282000_77270_0_1658206914.3857324.jpg
96,/home/dnq/data/FAR/glass_mask_classify/eval_ds_fr_aligned/eval_ds/normal_FP_from_mask_FP/1658194820141434000_31115_0_1658194821.2308967.jpg
97,/home/dnq/data/FAR/glass_mask_classify/eval_ds_fr_aligned/eval_ds/normal_FP_from_mask_FP/1657883471064469000_80493_0_1657883473.1737847.jpg
98,/home/dnq/data/FAR/glass_mask_classify/eval_ds_fr_aligned/eval_ds/normal_FP_from_mask_FP/1658203943103133000_4260_0_1658203944.1003277.jpg
99,/home/dnq/data/FAR/glass_mask_classify/eval_ds_fr_aligned/eval_ds/normal_FP_from_mask_FP/1658206987031443000_89084_2_1658206988.435942.jpg
100,/home/dnq/data/FAR/glass_mask_classify/eval_ds_fr_aligned/eval_ds/normal_FP_from_mask_FP/1657882640484187000_70285_0_1657882641.0797386.jpg
101,/home/dnq/data/FAR/glass_mask_classify/eval_ds_fr_aligned/eval_ds/normal_FP_from_mask_FP/1658204999319233000_29021_0_1658205000.393849.jpg
102,/home/dnq/data/FAR/glass_mask_classify/eval_ds_fr_aligned/eval_ds/normal_FP_from_mask_FP/1658204361746263000_55109_1_1658204362.779304.jpg
103,/home/dnq/data/FAR/glass_mask_classify/eval_ds_fr_aligned/eval_ds/normal_FP_from_mask_FP/1657878910266503000_8679_0_1657878907.5556054.jpg
104,/home/dnq/data/FAR/glass_mask_classify/eval_ds_fr_aligned/eval_ds/normal_FP_from_mask_FP/1658203936318241000_95022_0_1658203937.7279944.jpg
105,/home/dnq/data/FAR/glass_mask_classify/eval_ds_fr_aligned/eval_ds/normal_FP_from_mask_FP/1658204290771989000_26763_0_1658204291.8694508.jpg
106,/home/dnq/data/FAR/glass_mask_classify/eval_ds_fr_aligned/eval_ds/normal_FP_from_mask_FP/1658207054901550000_90716_0_1658207056.0684564.jpg
107,/home/dnq/data/FAR/glass_mask_classify/eval_ds_fr_aligned/eval_ds/normal_FP_from_mask_FP/1658193852379443000_26834_0_1658193853.5891044.jpg
108,/home/dnq/data/FAR/glass_mask_classify/eval_ds_fr_aligned/eval_ds/normal_FP_from_mask_FP/1658106660326725000_12326_0_1658106661.200608.jpg
109,/home/dnq/data/FAR/glass_mask_classify/eval_ds_fr_aligned/eval_ds/normal_FP_from_mask_FP/1657883463837745000_6351_0_1657883464.7348511.jpg
110,/home/dnq/data/FAR/glass_mask_classify/eval_ds_fr_aligned/eval_ds/normal_FP_from_mask_FP/1657883023566732000_8138_1_1657883024.1452744.jpg
111,/home/dnq/data/FAR/glass_mask_classify/eval_ds_fr_aligned/eval_ds/normal_FP_from_mask_FP/1657879265011263000_10560_0_1657879261.8282905.jpg
112,/home/dnq/data/FAR/glass_mask_classify/eval_ds_fr_aligned/eval_ds/normal_FP_from_mask_FP/1658117789004873000_25453_0_1658117789.8871815.jpg
113,/home/dnq/data/FAR/glass_mask_classify/eval_ds_fr_aligned/eval_ds/normal_FP_from_mask_FP/1658106663770266000_81217_0_1658106664.605082.jpg
114,/home/dnq/data/FAR/glass_mask_classify/eval_ds_fr_aligned/eval_ds/normal_FP_from_mask_FP/1658194820295637000_31646_0_1658194821.370772.jpg
115,/home/dnq/data/FAR/glass_mask_classify/eval_ds_fr_aligned/eval_ds/normal_FP_from_mask_FP/1658201496696507000_90746_0_1658201498.5526037.jpg
116,/home/dnq/data/FAR/glass_mask_classify/eval_ds_fr_aligned/eval_ds/normal_FP_from_mask_FP/1658203882323286000_88598_0_1658203884.4521108.jpg
117,/home/dnq/data/FAR/glass_mask_classify/eval_ds_fr_aligned/eval_ds/normal_FP_from_mask_FP/1658201068981373000_13968_0_1658201070.1009743.jpg
118,/home/dnq/data/FAR/glass_mask_classify/eval_ds_fr_aligned/eval_ds/normal_FP_from_mask_FP/1658117789182659000_49280_0_1658117792.1686802.jpg
119,/home/dnq/data/FAR/glass_mask_classify/eval_ds_fr_aligned/eval_ds/normal_FP_from_mask_FP/1657881975618355000_38223_0_1657881976.2592072.jpg
120,/home/dnq/data/FAR/glass_mask_classify/eval_ds_fr_aligned/eval_ds/normal_FP_from_mask_FP/1657879264663887000_31326_0_1657879261.5583854.jpg
121,/home/dnq/data/FAR/glass_mask_classify/eval_ds_fr_aligned/eval_ds/normal_FP_from_mask_FP/1658206991300294000_45422_2_1658206992.4274611.jpg
122,/home/dnq/data/FAR/glass_mask_classify/eval_ds_fr_aligned/eval_ds/normal_FP_from_mask_FP/1658117530254975000_83966_0_1658117531.2030497.jpg
123,/home/dnq/data/FAR/glass_mask_classify/eval_ds_fr_aligned/eval_ds/normal_FP_from_mask_FP/1658114655411449000_80001_0_1658114656.3059003.jpg
124,/home/dnq/data/FAR/glass_mask_classify/eval_ds_fr_aligned/eval_ds/normal_FP_from_mask_FP/1658118513740484000_74996_0_1658118515.2365253.jpg
125,/home/dnq/data/FAR/glass_mask_classify/eval_ds_fr_aligned/eval_ds/normal_FP_from_mask_FP/1658116048207902000_83601_0_1658116049.0870025.jpg
126,/home/dnq/data/FAR/glass_mask_classify/eval_ds_fr_aligned/eval_ds/normal_FP_from_mask_FP/1658206999684693000_12225_1_1658207000.791121.jpg
127,/home/dnq/data/FAR/glass_mask_classify/eval_ds_fr_aligned/eval_ds/normal_FP_from_mask_FP/1658205084597534000_27419_0_1658205086.700965.jpg
128,/home/dnq/data/FAR/glass_mask_classify/eval_ds_fr_aligned/eval_ds/normal_FP_from_mask_FP/1657883015090622000_12713_0_1657883016.5608518.jpg
129,/home/dnq/data/FAR/glass_mask_classify/eval_ds_fr_aligned/eval_ds/normal_FP_from_mask_FP/1658207054177255000_82348_0_1658207055.4902098.jpg
130,/home/dnq/data/FAR/glass_mask_classify/eval_ds_fr_aligned/eval_ds/normal_FP_from_mask_FP/1658106663587919000_88396_0_1658106664.3979645.jpg
131,/home/dnq/data/FAR/glass_mask_classify/eval_ds_fr_aligned/eval_ds/normal_FP_from_mask_FP/1658118548818946000_37998_0_1658118549.749672.jpg
132,/home/dnq/data/FAR/glass_mask_classify/eval_ds_fr_aligned/eval_ds/normal_FP_from_mask_FP/1657880329970427000_72425_1_1657880326.7364006.jpg
133,/home/dnq/data/FAR/glass_mask_classify/eval_ds_fr_aligned/eval_ds/normal_FP_from_mask_FP/1658106662872078000_48116_0_1658106663.6936762.jpg
134,/home/dnq/data/FAR/glass_mask_classify/eval_ds_fr_aligned/eval_ds/normal_FP_from_mask_FP/1657878374600025000_11572_0_1657878371.4243593.jpg
135,/home/dnq/data/FAR/glass_mask_classify/eval_ds_fr_aligned/eval_ds/normal_FP_from_mask_FP/1658106654247718000_56664_0_1658106655.1356769.jpg
136,/home/dnq/data/FAR/glass_mask_classify/eval_ds_fr_aligned/eval_ds/normal_FP_from_mask_FP/1658116143576465000_94505_0_1658116144.4733174.jpg
137,/home/dnq/data/FAR/glass_mask_classify/eval_ds_fr_aligned/eval_ds/normal_FP_from_mask_FP/1658204999935806000_81112_0_1658205000.9922216.jpg
138,/home/dnq/data/FAR/glass_mask_classify/eval_ds_fr_aligned/eval_ds/normal_FP_from_mask_FP/1657882661015375000_40332_0_1657882661.5659072.jpg
139,/home/dnq/data/FAR/glass_mask_classify/eval_ds_fr_aligned/eval_ds/normal_FP_from_mask_FP/1658206999209896000_53825_1_1658207000.3152812.jpg
140,/home/dnq/data/FAR/glass_mask_classify/eval_ds_fr_aligned/eval_ds/normal_FP_from_mask_FP/1658116143878961000_73063_0_1658116144.7506592.jpg
141,/home/dnq/data/FAR/glass_mask_classify/eval_ds_fr_aligned/eval_ds/normal_FP_from_mask_FP/1658118549177026000_9446_0_1658118550.0579581.jpg
142,/home/dnq/data/FAR/glass_mask_classify/eval_ds_fr_aligned/eval_ds/normal_FP_from_mask_FP/1658206941544801000_64415_0_1658206942.68436.jpg
143,/home/dnq/data/FAR/glass_mask_classify/eval_ds_fr_aligned/eval_ds/normal_FP_from_mask_FP/1658195070360062000_15480_0_1658195071.3973887.jpg
144,/home/dnq/data/FAR/glass_mask_classify/eval_ds_fr_aligned/eval_ds/normal_FP_from_mask_FP/1658207013566784000_30508_0_1658207014.6409092.jpg
145,/home/dnq/data/FAR/glass_mask_classify/eval_ds_fr_aligned/eval_ds/normal_FP_from_mask_FP/1657879997964187000_6999_0_1657879998.689896.jpg
146,/home/dnq/data/FAR/glass_mask_classify/eval_ds_fr_aligned/eval_ds/normal_FP_from_mask_FP/1657883475575383000_52505_1_1657883476.1197462.jpg
147,/home/dnq/data/FAR/glass_mask_classify/eval_ds_fr_aligned/eval_ds/normal_FP_from_mask_FP/1657883482083156000_63103_0_1657883482.6269937.jpg
148,/home/dnq/data/FAR/glass_mask_classify/eval_ds_fr_aligned/eval_ds/normal_FP_from_mask_FP/1658204291194442000_93696_0_1658204292.2617772.jpg
149,/home/dnq/data/FAR/glass_mask_classify/eval_ds_fr_aligned/eval_ds/normal_FP_from_mask_FP/1658206914157709000_26061_0_1658206915.5770373.jpg
150,/home/dnq/data/FAR/glass_mask_classify/eval_ds_fr_aligned/eval_ds/normal_FP_from_mask_FP/1657885234711989000_52885_1_1657885235.5055885.jpg
151,/home/dnq/data/FAR/glass_mask_classify/eval_ds_fr_aligned/eval_ds/normal_FP_from_mask_FP/1657883481839011000_99969_0_1657883482.4153688.jpg
152,/home/dnq/data/FAR/glass_mask_classify/eval_ds_fr_aligned/eval_ds/normal_FP_from_mask_FP/1658201527944774000_62741_0_1658201528.9746134.jpg
153,/home/dnq/data/FAR/glass_mask_classify/eval_ds_fr_aligned/eval_ds/normal_FP_from_mask_FP/1658205067693027000_26090_0_1658205070.2581553.jpg
154,/home/dnq/data/FAR/glass_mask_classify/eval_ds_fr_aligned/eval_ds/normal_FP_from_mask_FP/1658204998669877000_85783_0_1658204999.7581432.jpg
155,/home/dnq/data/FAR/glass_mask_classify/eval_ds_fr_aligned/eval_ds/normal_FP_from_mask_FP/1658200935755061000_6866_0_1658200937.1606302.jpg
156,/home/dnq/data/FAR/glass_mask_classify/eval_ds_fr_aligned/eval_ds/normal_FP_from_mask_FP/1658203882170252000_81025_0_1658203883.2424722.jpg
157,/home/dnq/data/FAR/glass_mask_classify/eval_ds_fr_aligned/eval_ds/normal_FP_from_mask_FP/1657879264856290000_81221_0_1657879261.698872.jpg
158,/home/dnq/data/FAR/glass_mask_classify/eval_ds_fr_aligned/eval_ds/normal_FP_from_mask_FP/1658116046872063000_50749_0_1658116047.7551374.jpg
159,/home/dnq/data/FAR/glass_mask_classify/eval_ds_fr_aligned/eval_ds/normal_FP_from_mask_FP/1657881975801085000_28898_0_1657881976.3615665.jpg
160,/home/dnq/data/FAR/glass_mask_classify/eval_ds_fr_aligned/eval_ds/normal_FP_from_mask_FP/1658207147261490000_67002_0_1658207148.4201393.jpg
161,/home/dnq/data/FAR/glass_mask_classify/eval_ds_fr_aligned/eval_ds/normal_FP_from_mask_FP/1657880330320825000_70354_1_1657880327.2219062.jpg
162,/home/dnq/data/FAR/glass_mask_classify/eval_ds_fr_aligned/eval_ds/normal_FP_from_mask_FP/1657883482920546000_31722_0_1657883483.4298224.jpg
163,/home/dnq/data/FAR/glass_mask_classify/eval_ds_fr_aligned/eval_ds/normal_FP_from_mask_FP/1658115337493473000_3750_0_1658115338.3323119.jpg
164,/home/dnq/data/FAR/glass_mask_classify/eval_ds_fr_aligned/eval_ds/normal_FP_from_mask_FP/1658205080817942000_77966_0_1658205081.9438744.jpg
165,/home/dnq/data/FAR/glass_mask_classify/eval_ds_fr_aligned/eval_ds/normal_FP_from_mask_FP/1658114653464236000_66913_0_1658114655.2689552.jpg
166,/home/dnq/data/FAR/glass_mask_classify/eval_ds_fr_aligned/eval_ds/normal_FP_from_mask_FP/1658204999729477000_91459_0_1658205000.807881.jpg
167,/home/dnq/data/FAR/glass_mask_classify/eval_ds_fr_aligned/eval_ds/normal_FP_from_mask_FP/1658106660583722000_49386_0_1658106661.464355.jpg
168,/home/dnq/data/FAR/glass_mask_classify/eval_ds_fr_aligned/eval_ds/normal_FP_from_mask_FP/1658106660327161000_9565_1_1658106661.2104075.jpg
169,/home/dnq/data/FAR/glass_mask_classify/eval_ds_fr_aligned/eval_ds/normal_FP_from_mask_FP/1658206993071052000_23540_2_1658206994.2183435.jpg
170,/home/dnq/data/FAR/glass_mask_classify/eval_ds_fr_aligned/eval_ds/normal_FP_from_mask_FP/1658106663274677000_43750_0_1658106664.1123326.jpg
171,/home/dnq/data/FAR/glass_mask_classify/eval_ds_fr_aligned/eval_ds/normal_FP_from_mask_FP/1657878373440429000_30364_0_1657878370.503957.jpg
172,/home/dnq/data/FAR/glass_mask_classify/eval_ds_fr_aligned/eval_ds/normal_FP_from_mask_FP/1658206941748035000_33779_0_1658206942.8671365.jpg
173,/home/dnq/data/FAR/glass_mask_classify/eval_ds_fr_aligned/eval_ds/normal_FP_from_mask_FP/1658116142911220000_70460_0_1658116144.249775.jpg
174,/home/dnq/data/FAR/glass_mask_classify/eval_ds_fr_aligned/eval_ds/normal_FP_from_mask_FP/1658142531063381000_47400_0_1658142528.8909614.jpg
175,/home/dnq/data/FAR/glass_mask_classify/eval_ds_fr_aligned/eval_ds/normal_FP_from_mask_FP/1658112930121346000_70207_2_1658112929.387372.jpg
176,/home/dnq/data/FAR/glass_mask_classify/eval_ds_fr_aligned/eval_ds/normal_FP_from_mask_FP/1658206992706895000_53667_0_1658206993.7714372.jpg
177,/home/dnq/data/FAR/glass_mask_classify/eval_ds_fr_aligned/eval_ds/normal_FP_from_mask_FP/1658117530509467000_10494_0_1658117532.2834096.jpg
178,/home/dnq/data/FAR/glass_mask_classify/eval_ds_fr_aligned/eval_ds/normal_FP_from_mask_FP/1658197815922370000_64773_0_1658197812.0546494.jpg
179,/home/dnq/data/FAR/glass_mask_classify/eval_ds_fr_aligned/eval_ds/normal_FP_from_mask_FP/1658207055206733000_94077_1_1658207056.3118956.jpg
180,/home/dnq/data/FAR/glass_mask_classify/eval_ds_fr_aligned/eval_ds/normal_FP_from_mask_FP/1658115462292449000_57819_0_1658115463.6600251.jpg
181,/home/dnq/data/FAR/glass_mask_classify/eval_ds_fr_aligned/eval_ds/normal_FP_from_mask_FP/1658118513015592000_39193_0_1658118513.901928.jpg
182,/home/dnq/data/FAR/glass_mask_classify/eval_ds_fr_aligned/eval_ds/normal_FP_from_mask_FP/1658112930832856000_38775_1_1658112930.1049955.jpg
183,/home/dnq/data/FAR/glass_mask_classify/eval_ds_fr_aligned/eval_ds/normal_FP_from_mask_FP/1658112930383019000_39862_1_1658112929.650476.jpg
184,/home/dnq/data/FAR/glass_mask_classify/eval_ds_fr_aligned/eval_ds/normal_FP_from_mask_FP/1657879994363125000_27188_0_1657879995.0204337.jpg
185,/home/dnq/data/FAR/glass_mask_classify/eval_ds_fr_aligned/eval_ds/normal_FP_from_mask_FP/1658114654515850000_51186_0_1658114655.3906736.jpg
186,/home/dnq/data/FAR/glass_mask_classify/eval_ds_fr_aligned/eval_ds/normal_FP_from_mask_FP/1657879265096351000_79548_0_1657879261.9096215.jpg
187,/home/dnq/data/FAR/glass_mask_classify/eval_ds_fr_aligned/eval_ds/normal_FP_from_mask_FP/1658206943727566000_11381_0_1658206944.977842.jpg
188,/home/dnq/data/FAR/glass_mask_classify/eval_ds_fr_aligned/eval_ds/normal_FP_from_mask_FP/1658204290367360000_21641_0_1658204291.5659983.jpg
189,/home/dnq/data/FAR/glass_mask_classify/eval_ds_fr_aligned/eval_ds/normal_FP_from_mask_FP/1658115338215722000_44754_0_1658115339.0803783.jpg
190,/home/dnq/data/FAR/glass_mask_classify/eval_ds_fr_aligned/eval_ds/normal_FP_from_mask_FP/1658118512843784000_66049_0_1658118513.711228.jpg
191,/home/dnq/data/FAR/glass_mask_classify/eval_ds_fr_aligned/eval_ds/normal_FP_from_mask_FP/1658202621715206000_4292_0_1658202625.2093194.jpg
192,/home/dnq/data/FAR/glass_mask_classify/eval_ds_fr_aligned/eval_ds/normal_FP_from_mask_FP/1657878388718888000_40030_0_1657878385.5934238.jpg
193,/home/dnq/data/FAR/glass_mask_classify/eval_ds_fr_aligned/eval_ds/normal_FP_from_mask_FP/1657879999131768000_89303_0_1657879999.9296741.jpg
194,/home/dnq/data/FAR/glass_mask_classify/eval_ds_fr_aligned/eval_ds/normal_FP_from_mask_FP/1657883470883754000_50818_0_1657883471.4408853.jpg
195,/home/dnq/data/FAR/glass_mask_classify/eval_ds_fr_aligned/eval_ds/normal_FP_from_mask_FP/1658106659893946000_37430_0_1658106660.7784152.jpg
196,/home/dnq/data/FAR/glass_mask_classify/eval_ds_fr_aligned/eval_ds/normal_FP_from_mask_FP/1658195048154167000_83383_0_1658195049.184379.jpg
197,/home/dnq/data/FAR/glass_mask_classify/eval_ds_fr_aligned/eval_ds/normal_FP_from_mask_FP/1658117792648901000_25341_0_1658117793.8873308.jpg
198,/home/dnq/data/FAR/glass_mask_classify/eval_ds_fr_aligned/eval_ds/normal_FP_from_mask_FP/1658206986085419000_49598_0_1658206988.640405.jpg
199,/home/dnq/data/FAR/glass_mask_classify/eval_ds_fr_aligned/eval_ds/normal_FP_from_mask_FP/1658117791878133000_50590_0_1658117792.747708.jpg
200,/home/dnq/data/FAR/glass_mask_classify/eval_ds_fr_aligned/eval_ds/normal_FP_from_mask_FP/1658193849768632000_65464_0_1658193850.7474315.jpg
201,/home/dnq/data/FAR/glass_mask_classify/eval_ds_fr_aligned/eval_ds/normal_FP_from_mask_FP/1657878374144475000_22632_0_1657878371.2558193.jpg
202,/home/dnq/data/FAR/glass_mask_classify/eval_ds_fr_aligned/eval_ds/normal_FP_from_mask_FP/1658203935581230000_18757_0_1658203936.607292.jpg
203,/home/dnq/data/FAR/glass_mask_classify/eval_ds_fr_aligned/eval_ds/normal_FP_from_mask_FP/1658205082725255000_78202_0_1658205083.791456.jpg
204,/home/dnq/data/FAR/glass_mask_classify/eval_ds_fr_aligned/eval_ds/normal_FP_from_mask_FP/1657883463111301000_50117_0_1657883463.764545.jpg
205,/home/dnq/data/FAR/glass_mask_classify/eval_ds_fr_aligned/eval_ds/normal_FP_from_mask_FP/1658206944555586000_45047_0_1658206946.3281872.jpg
206,/home/dnq/data/FAR/glass_mask_classify/eval_ds_fr_aligned/eval_ds/normal_FP_from_mask_FP/1658116047405170000_12931_0_1658116048.6617222.jpg
207,/home/dnq/data/FAR/glass_mask_classify/eval_ds_fr_aligned/eval_ds/normal_FP_from_mask_FP/1658201498513706000_59166_0_1658201499.5604935.jpg
208,/home/dnq/data/FAR/glass_mask_classify/eval_ds_fr_aligned/eval_ds/normal_FP_from_mask_FP/1658201206193377000_75044_0_1658201207.2639093.jpg
209,/home/dnq/data/FAR/glass_mask_classify/eval_ds_fr_aligned/eval_ds/normal_FP_from_mask_FP/1658205083098378000_81711_0_1658205084.3625531.jpg
210,/home/dnq/data/FAR/glass_mask_classify/eval_ds_fr_aligned/eval_ds/normal_FP_from_mask_FP/1658200935299798000_82036_0_1658200936.365143.jpg
211,/home/dnq/data/FAR/glass_mask_classify/eval_ds_fr_aligned/eval_ds/normal_FP_from_mask_FP/1658195051287811000_34907_0_1658195052.3301775.jpg
212,/home/dnq/data/FAR/glass_mask_classify/eval_ds_fr_aligned/eval_ds/normal_FP_from_mask_FP/1658195069094309000_21603_0_1658195070.547515.jpg
213,/home/dnq/data/FAR/glass_mask_classify/eval_ds_fr_aligned/eval_ds/normal_FP_from_mask_FP/1658201614876616000_17086_0_1658201615.9266067.jpg
214,/home/dnq/data/FAR/glass_mask_classify/eval_ds_fr_aligned/eval_ds/normal_FP_from_mask_FP/1658193850815265000_78022_0_1658193852.9018214.jpg
215,/home/dnq/data/FAR/glass_mask_classify/eval_ds_fr_aligned/eval_ds/normal_FP_from_mask_FP/1658106663141608000_39809_0_1658106663.9884675.jpg
216,/home/dnq/data/FAR/glass_mask_classify/eval_ds_fr_aligned/eval_ds/normal_FP_from_mask_FP/1658207055614113000_30033_0_1658207056.6689477.jpg
217,/home/dnq/data/FAR/glass_mask_classify/eval_ds_fr_aligned/eval_ds/normal_FP_from_mask_FP/1658117226460435000_94330_0_1658117227.3503633.jpg
218,/home/dnq/data/FAR/glass_mask_classify/eval_ds_fr_aligned/eval_ds/normal_FP_from_mask_FP/1658206906769830000_33240_0_1658206907.8452375.jpg
219,/home/dnq/data/FAR/glass_mask_classify/eval_ds_fr_aligned/eval_ds/normal_FP_from_mask_FP/1658203881946284000_20380_0_1658203883.0411773.jpg
220,/home/dnq/data/FAR/glass_mask_classify/eval_ds_fr_aligned/eval_ds/normal_FP_from_mask_FP/1658204281311350000_71482_0_1658204282.4275374.jpg
221,/home/dnq/data/FAR/glass_mask_classify/eval_ds_fr_aligned/eval_ds/normal_FP_from_mask_FP/1658203943435698000_32131_0_1658203944.4903178.jpg
222,/home/dnq/data/FAR/glass_mask_classify/eval_ds_fr_aligned/eval_ds/normal_FP_from_mask_FP/1658201068550844000_58889_0_1658201069.7094805.jpg
223,/home/dnq/data/FAR/glass_mask_classify/eval_ds_fr_aligned/eval_ds/normal_FP_from_mask_FP/1658193490084610000_5934_0_1658193491.0670307.jpg
224,/home/dnq/data/FAR/glass_mask_classify/eval_ds_fr_aligned/eval_ds/normal_FP_from_mask_FP/1658201625038132000_72329_0_1658201626.264425.jpg
225,/home/dnq/data/FAR/glass_mask_classify/eval_ds_fr_aligned/eval_ds/normal_FP_from_mask_FP/1658201068795775000_81660_0_1658201069.9098525.jpg
226,/home/dnq/data/FAR/glass_mask_classify/eval_ds_fr_aligned/eval_ds/normal_FP_from_mask_FP/1658206907013981000_48878_0_1658206908.3093247.jpg
227,/home/dnq/data/FAR/glass_mask_classify/eval_ds_fr_aligned/eval_ds/normal_FP_from_mask_FP/1658204362168266000_42839_0_1658204363.2233047.jpg
228,/home/dnq/data/FAR/glass_mask_classify/eval_ds_fr_aligned/eval_ds/normal_FP_from_mask_FP/1657881976728523000_63556_0_1657881977.3001494.jpg
229,/home/dnq/data/FAR/glass_mask_classify/eval_ds_fr_aligned/eval_ds/normal_FP_from_mask_FP/1657878374510202000_43852_0_1657878371.3640475.jpg
230,/home/dnq/data/FAR/glass_mask_classify/eval_ds_fr_aligned/eval_ds/normal_FP_from_mask_FP/1658193849874887000_6330_0_1658193851.632807.jpg
231,/home/dnq/data/FAR/glass_mask_classify/eval_ds_fr_aligned/eval_ds/normal_FP_from_mask_FP/1658206913162849000_92071_0_1658206914.215887.jpg
232,/home/dnq/data/FAR/glass_mask_classify/eval_ds_fr_aligned/eval_ds/normal_FP_from_mask_FP/1658206998999957000_28942_1_1658207000.079579.jpg
233,/home/dnq/data/FAR/glass_mask_classify/eval_ds_fr_aligned/eval_ds/normal_FP_from_mask_FP/1658205081363522000_7764_0_1658205082.9086864.jpg
234,/home/dnq/data/FAR/glass_mask_classify/eval_ds_fr_aligned/eval_ds/normal_FP_from_mask_FP/1657883014508740000_12458_0_1657883015.0371804.jpg
235,/home/dnq/data/FAR/glass_mask_classify/eval_ds_fr_aligned/eval_ds/normal_FP_from_mask_FP/1658204362922730000_16478_0_1658204363.9765196.jpg
236,/home/dnq/data/FAR/glass_mask_classify/eval_ds_fr_aligned/eval_ds/normal_FP_from_mask_FP/1657883470079081000_50750_0_1657883470.6320515.jpg
237,/home/dnq/data/FAR/glass_mask_classify/eval_ds_fr_aligned/eval_ds/normal_FP_from_mask_FP/1658115337646000000_99597_0_1658115338.4873407.jpg
238,/home/dnq/data/FAR/glass_mask_classify/eval_ds_fr_aligned/eval_ds/normal_FP_from_mask_FP/1657878910985414000_18772_0_1657878908.048887.jpg
239,/home/dnq/data/FAR/glass_mask_classify/eval_ds_fr_aligned/eval_ds/normal_FP_from_mask_FP/1658204999104216000_87930_1_1658205000.1990354.jpg
240,/home/dnq/data/FAR/glass_mask_classify/eval_ds_fr_aligned/eval_ds/normal_FP_from_mask_FP/1658142531381959000_68576_0_1658142529.1857686.jpg
241,/home/dnq/data/FAR/glass_mask_classify/eval_ds_fr_aligned/eval_ds/normal_FP_from_mask_FP/1658118515933797000_3951_0_1658118516.961702.jpg
242,/home/dnq/data/FAR/glass_mask_classify/eval_ds_fr_aligned/eval_ds/normal_FP_from_mask_FP/1657882661501122000_43154_0_1657882662.454276.jpg
243,/home/dnq/data/FAR/glass_mask_classify/eval_ds_fr_aligned/eval_ds/normal_FP_from_mask_FP/1657879263400088000_70162_0_1657879260.2117999.jpg
244,/home/dnq/data/FAR/glass_mask_classify/eval_ds_fr_aligned/eval_ds/normal_FP_from_mask_FP/1658204361996183000_13814_1_1658204363.055668.jpg
245,/home/dnq/data/FAR/glass_mask_classify/eval_ds_fr_aligned/eval_ds/normal_FP_from_mask_FP/1657883013892907000_38505_0_1657883014.7230444.jpg
246,/home/dnq/data/FAR/glass_mask_classify/eval_ds_fr_aligned/eval_ds/normal_FP_from_mask_FP/1658206909365147000_83055_0_1658206912.639332.jpg
247,/home/dnq/data/FAR/glass_mask_classify/eval_ds_fr_aligned/eval_ds/normal_FP_from_mask_FP/1657878907983608000_65722_0_1657878906.6760945.jpg
248,/home/dnq/data/FAR/glass_mask_classify/eval_ds_fr_aligned/eval_ds/normal_FP_from_mask_FP/1657882640306241000_32921_1_1657882640.8896973.jpg
249,/home/dnq/data/FAR/glass_mask_classify/eval_ds_fr_aligned/eval_ds/normal_FP_from_mask_FP/1658205068752711000_70105_0_1658205070.9369943.jpg
